0504-B-34567890,"""idTransaction"": 45530,","""isO03_cProcessingCode"": ""920000"",","""isO04_nTransactionAmount"": 1400,","""isO11_cSystemTrace"": ""039811"",","""isO12_cLocalTransactionTime"": ""182346"",","""isO37_cRetrievalReferenceNumber"": ""004482181950"",","""isO38_cAuthorizationResponse"": ""005477"",","""isO39_cResponseCode"": ""00"",","""isO48_cAdditionalData_Installments"": """",","""isO60_cReservedPrivate_HostResponse"": """",","""isO62_cTicketNumber"": """",","""isO63_cReservedPrivate_BatchNumber"": ""023"",","""cGuid"": ""B324E425-5A72-4495-AF7C-033E19AEFA1B"",","""isO_MTI_cMessageType"": ""0500"",","""isO_MTI_cMessageType_Response"": ""0510"""
0504-C-23456789,"""idTransaction"": 40001,","""isO03_cProcessingCode"": ""000000"",","""isO04_nTransactionAmount"": 0,","""isO11_cSystemTrace"": ""039768"",","""isO12_cLocalTransactionTime"": ""180041"",","""isO37_cRetrievalReferenceNumber"": ""001297039768"",","""isO38_cAuthorizationResponse"": ""004042"",","""isO39_cResponseCode"": ""00"",","""isO48_cAdditionalData_Installments"": ""001"",","""isO60_cReservedPrivate_HostResponse"": ""VTE0000"",","""isO62_cTicketNumber"": ""0099"",","""isO63_cReservedPrivate_BatchNumber"": ""023"",","""cGuid"": ""4256B2FD-0927-4D43-B18B-347298B53974"",","""isO_MTI_cMessageType"": ""0200"",","""isO_MTI_cMessageType_Response"": ""0210"""
0504-C-23456789,"""idTransaction"": 40008,","""isO03_cProcessingCode"": ""000000"",","""isO04_nTransactionAmount"": 0,","""isO11_cSystemTrace"": ""039768"",","""isO12_cLocalTransactionTime"": ""180041"",","""isO37_cRetrievalReferenceNumber"": ""001297039768"",","""isO38_cAuthorizationResponse"": ""004042"",","""isO39_cResponseCode"": ""00"",","""isO48_cAdditionalData_Installments"": ""001"",","""isO60_cReservedPrivate_HostResponse"": """",","""isO62_cTicketNumber"": ""0099"",","""isO63_cReservedPrivate_BatchNumber"": ""023"",","""cGuid"": ""067B7C3C-2333-4399-B0EF-414D166AD0CC"",","""isO_MTI_cMessageType"": ""0400"",","""isO_MTI_cMessageType_Response"": ""0410"""
0504-C-23456789,"""idTransaction"": 40018,","""isO03_cProcessingCode"": ""000000"",","""isO04_nTransactionAmount"": 0,","""isO11_cSystemTrace"": ""039789"",","""isO12_cLocalTransactionTime"": ""181118"",","""isO37_cRetrievalReferenceNumber"": ""004472039789"",","""isO38_cAuthorizationResponse"": ""005773"",","""isO39_cResponseCode"": ""00"",","""isO48_cAdditionalData_Installments"": ""001"",","""isO60_cReservedPrivate_HostResponse"": ""VTE0000"",","""isO62_cTicketNumber"": ""0099"",","""isO63_cReservedPrivate_BatchNumber"": ""023"",","""cGuid"": ""610CD3B5-765E-4FDC-91BB-01E8B421C128"",","""isO_MTI_cMessageType"": ""0200"",","""isO_MTI_cMessageType_Response"": ""0210"""
0504-C-23456789,"""idTransaction"": 40035,","""isO03_cProcessingCode"": ""000000"",","""isO04_nTransactionAmount"": 0,","""isO11_cSystemTrace"": ""039812"",","""isO12_cLocalTransactionTime"": ""182240"",","""isO37_cRetrievalReferenceNumber"": ""004483039812"",","""isO38_cAuthorizationResponse"": ""004112"",","""isO39_cResponseCode"": ""00"",","""isO48_cAdditionalData_Installments"": ""001"",","""isO60_cReservedPrivate_HostResponse"": """",","""isO62_cTicketNumber"": ""0100"",","""isO63_cReservedPrivate_BatchNumber"": ""024"",","""cGuid"": ""AE9F68F9-D6F9-43FC-9344-B3FFD2F47FD6"",","""isO_MTI_cMessageType"": ""0400"",","""isO_MTI_cMessageType_Response"": ""0410"""
0504-C-23456789,"""idTransaction"": 45447,","""isO03_cProcessingCode"": ""000000"",","""isO04_nTransactionAmount"": 0,","""isO11_cSystemTrace"": ""039814"",","""isO12_cLocalTransactionTime"": ""182346"",","""isO37_cRetrievalReferenceNumber"": ""004485039814"",","""isO38_cAuthorizationResponse"": ""003909"",","""isO39_cResponseCode"": ""00"",","""isO48_cAdditionalData_Installments"": ""001"",","""isO60_cReservedPrivate_HostResponse"": ""VTE0000"",","""isO62_cTicketNumber"": ""0100"",","""isO63_cReservedPrivate_BatchNumber"": ""024"",","""cGuid"": ""4D5B48C2-153D-4402-A9F7-45BB99A15174"",","""isO_MTI_cMessageType"": ""0200"",","""isO_MTI_cMessageType_Response"": ""0210"""
0504-C-23456789,"""idTransaction"": 40033,","""isO03_cProcessingCode"": ""000000"",","""isO04_nTransactionAmount"": 0,","""isO11_cSystemTrace"": ""039812"",","""isO12_cLocalTransactionTime"": ""182240"",","""isO37_cRetrievalReferenceNumber"": ""004483039812"",","""isO38_cAuthorizationResponse"": """",","""isO39_cResponseCode"": ""01"",","""isO48_cAdditionalData_Installments"": ""001"",","""isO60_cReservedPrivate_HostResponse"": ""VTE0000"",","""isO62_cTicketNumber"": ""0100"",","""isO63_cReservedPrivate_BatchNumber"": ""024"",","""cGuid"": ""BBD22BB9-DE42-4388-B837-F2C7DE63B951"",","""isO_MTI_cMessageType"": ""0200"",","""isO_MTI_cMessageType_Response"": ""0210"""
0504-M-72501608,"""idTransaction"": 39979,","""isO03_cProcessingCode"": ""000000"",","""isO04_nTransactionAmount"": 1100,","""isO11_cSystemTrace"": ""039768"",","""isO12_cLocalTransactionTime"": ""180041"",","""isO37_cRetrievalReferenceNumber"": ""001297039768"",","""isO38_cAuthorizationResponse"": ""004042"",","""isO39_cResponseCode"": ""00"",","""isO48_cAdditionalData_Installments"": ""001"",","""isO60_cReservedPrivate_HostResponse"": ""VTE0000"",","""isO62_cTicketNumber"": ""0099"",","""isO63_cReservedPrivate_BatchNumber"": ""023"",","""cGuid"": ""4256B2FD-0927-4D43-B18B-347298B53974"",","""isO_MTI_cMessageType"": ""0200"",","""isO_MTI_cMessageType_Response"": ""0210"""
0504-M-72501608,"""idTransaction"": 39989,","""isO03_cProcessingCode"": ""000000"",","""isO04_nTransactionAmount"": 1100,","""isO11_cSystemTrace"": ""039768"",","""isO12_cLocalTransactionTime"": ""180041"",","""isO37_cRetrievalReferenceNumber"": ""001297039768"",","""isO38_cAuthorizationResponse"": ""004042"",","""isO39_cResponseCode"": ""00"",","""isO48_cAdditionalData_Installments"": ""001"",","""isO60_cReservedPrivate_HostResponse"": """",","""isO62_cTicketNumber"": ""0099"",","""isO63_cReservedPrivate_BatchNumber"": ""023"",","""cGuid"": ""067B7C3C-2333-4399-B0EF-414D166AD0CC"",","""isO_MTI_cMessageType"": ""0400"",","""isO_MTI_cMessageType_Response"": ""0410"""
0504-M-72501608,"""idTransaction"": 40014,","""isO03_cProcessingCode"": ""000000"",","""isO04_nTransactionAmount"": 1200,","""isO11_cSystemTrace"": ""039789"",","""isO12_cLocalTransactionTime"": ""181118"",","""isO37_cRetrievalReferenceNumber"": ""004472039789"",","""isO38_cAuthorizationResponse"": ""005773"",","""isO39_cResponseCode"": ""00"",","""isO48_cAdditionalData_Installments"": ""001"",","""isO60_cReservedPrivate_HostResponse"": ""VTE0000"",","""isO62_cTicketNumber"": ""0099"",","""isO63_cReservedPrivate_BatchNumber"": ""023"",","""cGuid"": ""610CD3B5-765E-4FDC-91BB-01E8B421C128"",","""isO_MTI_cMessageType"": ""0200"",","""isO_MTI_cMessageType_Response"": ""0210"""
0504-M-72501608,"""idTransaction"": 40024,","""isO03_cProcessingCode"": ""020000"",","""isO04_nTransactionAmount"": 1200,","""isO11_cSystemTrace"": ""039796"",","""isO12_cLocalTransactionTime"": ""181433"",","""isO37_cRetrievalReferenceNumber"": ""004472039789"",","""isO38_cAuthorizationResponse"": ""005773"",","""isO39_cResponseCode"": ""00"",","""isO48_cAdditionalData_Installments"": ""001"",","""isO60_cReservedPrivate_HostResponse"": """",","""isO62_cTicketNumber"": ""0100"",","""isO63_cReservedPrivate_BatchNumber"": ""023"",","""cGuid"": ""3BF6D317-0015-420C-AACA-E54383D2882B"",","""isO_MTI_cMessageType"": ""0200"",","""isO_MTI_cMessageType_Response"": ""0210"""
0504-M-72501608,"""idTransaction"": 40028,","""isO03_cProcessingCode"": ""000000"",","""isO04_nTransactionAmount"": 1100,","""isO11_cSystemTrace"": ""039812"",","""isO12_cLocalTransactionTime"": ""182240"",","""isO37_cRetrievalReferenceNumber"": ""004483039812"",","""isO38_cAuthorizationResponse"": ""004112"",","""isO39_cResponseCode"": ""00"",","""isO48_cAdditionalData_Installments"": ""001"",","""isO60_cReservedPrivate_HostResponse"": ""VTE0000"",","""isO62_cTicketNumber"": ""0100"",","""isO63_cReservedPrivate_BatchNumber"": ""024"",","""cGuid"": ""BBD22BB9-DE42-4388-B837-F2C7DE63B951"",","""isO_MTI_cMessageType"": ""0200"",","""isO_MTI_cMessageType_Response"": ""0210"""
0504-M-72501608,"""idTransaction"": 40030,","""isO03_cProcessingCode"": ""000000"",","""isO04_nTransactionAmount"": 1100,","""isO11_cSystemTrace"": ""039812"",","""isO12_cLocalTransactionTime"": ""182240"",","""isO37_cRetrievalReferenceNumber"": ""004483039812"",","""isO38_cAuthorizationResponse"": ""004112"",","""isO39_cResponseCode"": ""00"",","""isO48_cAdditionalData_Installments"": ""001"",","""isO60_cReservedPrivate_HostResponse"": """",","""isO62_cTicketNumber"": ""0100"",","""isO63_cReservedPrivate_BatchNumber"": ""024"",","""cGuid"": ""AE9F68F9-D6F9-43FC-9344-B3FFD2F47FD6"",","""isO_MTI_cMessageType"": ""0400"",","""isO_MTI_cMessageType_Response"": ""0410"""
0504-M-72501608,"""idTransaction"": 45391,","""isO03_cProcessingCode"": ""920000"",","""isO04_nTransactionAmount"": 0,","""isO11_cSystemTrace"": ""039811"",","""isO12_cLocalTransactionTime"": ""182346"",","""isO37_cRetrievalReferenceNumber"": ""004482181950"",","""isO38_cAuthorizationResponse"": ""005477"",","""isO39_cResponseCode"": ""00"",","""isO48_cAdditionalData_Installments"": """",","""isO60_cReservedPrivate_HostResponse"": """",","""isO62_cTicketNumber"": """",","""isO63_cReservedPrivate_BatchNumber"": ""023"",","""cGuid"": ""B324E425-5A72-4495-AF7C-033E19AEFA1B"",","""isO_MTI_cMessageType"": ""0500"",","""isO_MTI_cMessageType_Response"": ""0510"""
0504-M-72501608,"""idTransaction"": 45444,","""isO03_cProcessingCode"": ""000000"",","""isO04_nTransactionAmount"": 1200,","""isO11_cSystemTrace"": ""039814"",","""isO12_cLocalTransactionTime"": ""182346"",","""isO37_cRetrievalReferenceNumber"": ""004485039814"",","""isO38_cAuthorizationResponse"": ""003909"",","""isO39_cResponseCode"": ""00"",","""isO48_cAdditionalData_Installments"": ""001"",","""isO60_cReservedPrivate_HostResponse"": ""VTE0000"",","""isO62_cTicketNumber"": ""0100"",","""isO63_cReservedPrivate_BatchNumber"": ""024"",","""cGuid"": ""4D5B48C2-153D-4402-A9F7-45BB99A15174"",","""isO_MTI_cMessageType"": ""0200"",","""isO_MTI_cMessageType_Response"": ""0210"""
0504-M-72501608,"""idTransaction"": 45533,","""isO03_cProcessingCode"": ""020000"",","""isO04_nTransactionAmount"": 1200,","""isO11_cSystemTrace"": ""039816"",","""isO12_cLocalTransactionTime"": ""182425"",","""isO37_cRetrievalReferenceNumber"": ""004485039814"",","""isO38_cAuthorizationResponse"": ""003909"",","""isO39_cResponseCode"": ""00"",","""isO48_cAdditionalData_Installments"": ""001"",","""isO60_cReservedPrivate_HostResponse"": """",","""isO62_cTicketNumber"": ""0101"",","""isO63_cReservedPrivate_BatchNumber"": ""024"",","""cGuid"": ""3AD2CEF8-B38C-4CBF-9EC4-F3760A939C90"",","""isO_MTI_cMessageType"": ""0200"",","""isO_MTI_cMessageType_Response"": ""0210"""
0504-M-72501608,"""idTransaction"": 45537,","""isO03_cProcessingCode"": ""020000"",","""isO04_nTransactionAmount"": 1200,","""isO11_cSystemTrace"": ""039816"",","""isO12_cLocalTransactionTime"": ""182425"",","""isO37_cRetrievalReferenceNumber"": ""004485039814"",","""isO38_cAuthorizationResponse"": ""003909"",","""isO39_cResponseCode"": ""00"",","""isO48_cAdditionalData_Installments"": ""001"",","""isO60_cReservedPrivate_HostResponse"": """",","""isO62_cTicketNumber"": ""0101"",","""isO63_cReservedPrivate_BatchNumber"": ""024"",","""cGuid"": ""6C12301D-E6C5-492C-9F85-0F1009B1A232"",","""isO_MTI_cMessageType"": ""0400"",","""isO_MTI_cMessageType_Response"": ""0410"""
0504-M-72501608,"""idTransaction"": 40025,","""isO03_cProcessingCode"": ""020000"",","""isO04_nTransactionAmount"": 1200,","""isO11_cSystemTrace"": ""039796"",","""isO12_cLocalTransactionTime"": ""181433"",","""isO37_cRetrievalReferenceNumber"": ""004472039789"",","""isO38_cAuthorizationResponse"": """",","""isO39_cResponseCode"": ""05"",","""isO48_cAdditionalData_Installments"": ""001"",","""isO60_cReservedPrivate_HostResponse"": """",","""isO62_cTicketNumber"": ""0100"",","""isO63_cReservedPrivate_BatchNumber"": ""023"",","""cGuid"": ""C548716F-4FE0-4469-B5AF-4B0ECC392A92"",","""isO_MTI_cMessageType"": ""0400"",","""isO_MTI_cMessageType_Response"": ""0410"""
0504-M-72501608,"""idTransaction"": 40027,","""isO03_cProcessingCode"": ""020000"",","""isO04_nTransactionAmount"": 1200,","""isO11_cSystemTrace"": ""039805"",","""isO12_cLocalTransactionTime"": ""181914"",","""isO37_cRetrievalReferenceNumber"": ""004472039789"",","""isO38_cAuthorizationResponse"": """",","""isO39_cResponseCode"": ""05"",","""isO48_cAdditionalData_Installments"": ""001"",","""isO60_cReservedPrivate_HostResponse"": """",","""isO62_cTicketNumber"": ""0100"",","""isO63_cReservedPrivate_BatchNumber"": ""023"",","""cGuid"": ""6C9E8B97-5CDA-417B-A4B9-5C416E68A6F7"",","""isO_MTI_cMessageType"": ""0200"",","""isO_MTI_cMessageType_Response"": ""0210"""
0504-M-72501608,"""idTransaction"": 45543,","""isO03_cProcessingCode"": ""020000"",","""isO04_nTransactionAmount"": 1200,","""isO11_cSystemTrace"": ""039820"",","""isO12_cLocalTransactionTime"": ""182604"",","""isO37_cRetrievalReferenceNumber"": ""004485039814"",","""isO38_cAuthorizationResponse"": """",","""isO39_cResponseCode"": ""05"",","""isO48_cAdditionalData_Installments"": ""001"",","""isO60_cReservedPrivate_HostResponse"": """",","""isO62_cTicketNumber"": ""0101"",","""isO63_cReservedPrivate_BatchNumber"": ""024"",","""cGuid"": ""03F563CD-A911-4A6F-9AD4-BA796628848C"",","""isO_MTI_cMessageType"": ""0200"",","""isO_MTI_cMessageType_Response"": ""0210"""
0506-B-34567890,"""idTransaction"": 70223,","""isO03_cProcessingCode"": ""920000"",","""isO04_nTransactionAmount"": 3100,","""isO11_cSystemTrace"": ""045334"",","""isO12_cLocalTransactionTime"": ""173309"",","""isO37_cRetrievalReferenceNumber"": ""005770164740"",","""isO38_cAuthorizationResponse"": ""045334"",","""isO39_cResponseCode"": ""00"",","""isO48_cAdditionalData_Installments"": """",","""isO60_cReservedPrivate_HostResponse"": """",","""isO62_cTicketNumber"": """",","""isO63_cReservedPrivate_BatchNumber"": ""025"",","""cGuid"": ""08FAF2CE-7DCC-4264-B0FA-37B3097DC626"",","""isO_MTI_cMessageType"": ""0500"",","""isO_MTI_cMessageType_Response"": ""0510"""
0506-B-34567890,"""idTransaction"": 70243,","""isO03_cProcessingCode"": ""920000"",","""isO04_nTransactionAmount"": 3100,","""isO11_cSystemTrace"": ""045442"",","""isO12_cLocalTransactionTime"": ""174033"",","""isO37_cRetrievalReferenceNumber"": ""000001174027"",","""isO38_cAuthorizationResponse"": ""007210"",","""isO39_cResponseCode"": ""00"",","""isO48_cAdditionalData_Installments"": """",","""isO60_cReservedPrivate_HostResponse"": """",","""isO62_cTicketNumber"": """",","""isO63_cReservedPrivate_BatchNumber"": ""246"",","""cGuid"": ""825C474B-F870-4CFF-9BB2-FA4792B56EF1"",","""isO_MTI_cMessageType"": ""0500"",","""isO_MTI_cMessageType_Response"": ""0510"""
0506-C-23456789,"""idTransaction"": 45551,","""isO03_cProcessingCode"": ""000000"",","""isO04_nTransactionAmount"": 0,","""isO11_cSystemTrace"": ""045176"",","""isO12_cLocalTransactionTime"": ""153153"",","""isO37_cRetrievalReferenceNumber"": ""005731045176"",","""isO38_cAuthorizationResponse"": ""010155"",","""isO39_cResponseCode"": ""00"",","""isO48_cAdditionalData_Installments"": ""001"",","""isO60_cReservedPrivate_HostResponse"": """",","""isO62_cTicketNumber"": ""0102"",","""isO63_cReservedPrivate_BatchNumber"": ""025"",","""cGuid"": ""A1A6B62A-B02F-4CFA-B174-59DB7453F058"",","""isO_MTI_cMessageType"": ""0200"",","""isO_MTI_cMessageType_Response"": ""0210"""
0506-C-23456789,"""idTransaction"": 45639,","""isO03_cProcessingCode"": ""000000"",","""isO04_nTransactionAmount"": 1000,","""isO11_cSystemTrace"": ""045231"",","""isO12_cLocalTransactionTime"": ""155947"",","""isO37_cRetrievalReferenceNumber"": ""001659045231"",","""isO38_cAuthorizationResponse"": ""040999"",","""isO39_cResponseCode"": ""00"",","""isO48_cAdditionalData_Installments"": ""001"",","""isO60_cReservedPrivate_HostResponse"": """",","""isO62_cTicketNumber"": ""0102"",","""isO63_cReservedPrivate_BatchNumber"": ""025"",","""cGuid"": ""385902B2-52B9-4366-9209-026D07855F3E"",","""isO_MTI_cMessageType"": ""0200"",","""isO_MTI_cMessageType_Response"": ""0210"""
0506-C-23456789,"""idTransaction"": 45661,","""isO03_cProcessingCode"": ""000000"",","""isO04_nTransactionAmount"": 1100,","""isO11_cSystemTrace"": ""045326"",","""isO12_cLocalTransactionTime"": ""164639"",","""isO37_cRetrievalReferenceNumber"": ""005768045326"",","""isO38_cAuthorizationResponse"": ""000866"",","""isO39_cResponseCode"": ""00"",","""isO48_cAdditionalData_Installments"": ""001"",","""isO60_cReservedPrivate_HostResponse"": """",","""isO62_cTicketNumber"": ""0104"",","""isO63_cReservedPrivate_BatchNumber"": ""025"",","""cGuid"": ""49230CB2-A53C-4FE5-8A92-B5376DFADDD7"",","""isO_MTI_cMessageType"": ""0200"",","""isO_MTI_cMessageType_Response"": ""0210"""
0506-C-23456789,"""idTransaction"": 51109,","""isO03_cProcessingCode"": ""200000"",","""isO04_nTransactionAmount"": 1400,","""isO11_cSystemTrace"": ""045403"",","""isO12_cLocalTransactionTime"": ""172407"",","""isO37_cRetrievalReferenceNumber"": ""000009045403"",","""isO38_cAuthorizationResponse"": ""007214"",","""isO39_cResponseCode"": ""00"",","""isO48_cAdditionalData_Installments"": ""0010106060520"",","""isO60_cReservedPrivate_HostResponse"": """",","""isO62_cTicketNumber"": ""1211"",","""isO63_cReservedPrivate_BatchNumber"": ""245"",","""cGuid"": ""BF17AF78-B55E-4E28-9F9C-7833AFEAB4B0"",","""isO_MTI_cMessageType"": ""0200"",","""isO_MTI_cMessageType_Response"": ""0210"""
0506-C-23456789,"""idTransaction"": 51111,","""isO03_cProcessingCode"": ""200000"",","""isO04_nTransactionAmount"": 1400,","""isO11_cSystemTrace"": ""045403"",","""isO12_cLocalTransactionTime"": ""172407"",","""isO37_cRetrievalReferenceNumber"": ""000009045403"",","""isO38_cAuthorizationResponse"": ""007214"",","""isO39_cResponseCode"": ""00"",","""isO48_cAdditionalData_Installments"": ""0010106060520"",","""isO60_cReservedPrivate_HostResponse"": """",","""isO62_cTicketNumber"": ""1211"",","""isO63_cReservedPrivate_BatchNumber"": ""245"",","""cGuid"": ""285CE8C9-02DD-4F4A-8FD9-F71B2CA6ACF6"",","""isO_MTI_cMessageType"": ""0400"",","""isO_MTI_cMessageType_Response"": ""0410"""
0506-C-23456789,"""idTransaction"": 70221,","""isO03_cProcessingCode"": ""200000"",","""isO04_nTransactionAmount"": 1400,","""isO11_cSystemTrace"": ""045421"",","""isO12_cLocalTransactionTime"": ""173309"",","""isO37_cRetrievalReferenceNumber"": ""000018045421"",","""isO38_cAuthorizationResponse"": ""007213"",","""isO39_cResponseCode"": ""00"",","""isO48_cAdditionalData_Installments"": ""0010106060520"",","""isO60_cReservedPrivate_HostResponse"": """",","""isO62_cTicketNumber"": ""1211"",","""isO63_cReservedPrivate_BatchNumber"": ""246"",","""cGuid"": ""3998095E-77E9-49A9-ADCE-A3B25674B021"",","""isO_MTI_cMessageType"": ""0200"",","""isO_MTI_cMessageType_Response"": ""0210"""
0506-C-23456789,"""idTransaction"": 70241,","""isO03_cProcessingCode"": ""200000"",","""isO04_nTransactionAmount"": 1400,","""isO11_cSystemTrace"": ""045437"",","""isO12_cLocalTransactionTime"": ""174033"",","""isO37_cRetrievalReferenceNumber"": ""000028045437"",","""isO38_cAuthorizationResponse"": ""007210"",","""isO39_cResponseCode"": ""00"",","""isO48_cAdditionalData_Installments"": ""0010106060520"",","""isO60_cReservedPrivate_HostResponse"": """",","""isO62_cTicketNumber"": ""1213"",","""isO63_cReservedPrivate_BatchNumber"": ""246"",","""cGuid"": ""BB41AB71-77BD-4A09-90DF-E02BE321F3A8"",","""isO_MTI_cMessageType"": ""0200"",","""isO_MTI_cMessageType_Response"": ""0210"""
0506-C-23456789,"""idTransaction"": 45620,","""isO03_cProcessingCode"": ""000000"",","""isO04_nTransactionAmount"": 1000,","""isO11_cSystemTrace"": ""045176"",","""isO12_cLocalTransactionTime"": ""153153"",","""isO37_cRetrievalReferenceNumber"": ""005731045176"",","""isO38_cAuthorizationResponse"": """",","""isO39_cResponseCode"": ""14"",","""isO48_cAdditionalData_Installments"": ""001"",","""isO60_cReservedPrivate_HostResponse"": """",","""isO62_cTicketNumber"": ""0102"",","""isO63_cReservedPrivate_BatchNumber"": ""025"",","""cGuid"": ""9F9000AD-363B-4C39-A139-24F0972DB70D"",","""isO_MTI_cMessageType"": ""0400"",","""isO_MTI_cMessageType_Response"": ""0410"""
0506-C-23456789,"""idTransaction"": 48477,","""isO03_cProcessingCode"": ""000000"",","""isO04_nTransactionAmount"": 1100,","""isO11_cSystemTrace"": ""045331"",","""isO12_cLocalTransactionTime"": ""164843"",","""isO37_cRetrievalReferenceNumber"": ""001667045331"",","""isO38_cAuthorizationResponse"": """",","""isO39_cResponseCode"": ""28"",","""isO48_cAdditionalData_Installments"": ""001"",","""isO60_cReservedPrivate_HostResponse"": """",","""isO62_cTicketNumber"": ""0106"",","""isO63_cReservedPrivate_BatchNumber"": ""025"",","""cGuid"": ""E81CDACB-81C4-4CC9-B4F5-F6AB1CE51A29"",","""isO_MTI_cMessageType"": ""0200"",","""isO_MTI_cMessageType_Response"": ""0210"""
0506-M-72501608,"""idTransaction"": 45546,","""isO03_cProcessingCode"": ""000000"",","""isO04_nTransactionAmount"": 1100,","""isO11_cSystemTrace"": ""045176"",","""isO12_cLocalTransactionTime"": ""153153"",","""isO37_cRetrievalReferenceNumber"": ""005731045176"",","""isO38_cAuthorizationResponse"": ""010155"",","""isO39_cResponseCode"": ""00"",","""isO48_cAdditionalData_Installments"": ""001"",","""isO60_cReservedPrivate_HostResponse"": """",","""isO62_cTicketNumber"": ""0102"",","""isO63_cReservedPrivate_BatchNumber"": ""025"",","""cGuid"": ""A1A6B62A-B02F-4CFA-B174-59DB7453F058"",","""isO_MTI_cMessageType"": ""0200"",","""isO_MTI_cMessageType_Response"": ""0210"""
0506-M-72501608,"""idTransaction"": 45548,","""isO03_cProcessingCode"": ""000000"",","""isO04_nTransactionAmount"": 1100,","""isO11_cSystemTrace"": ""045176"",","""isO12_cLocalTransactionTime"": ""153153"",","""isO37_cRetrievalReferenceNumber"": ""005731045176"",","""isO38_cAuthorizationResponse"": ""010155"",","""isO39_cResponseCode"": ""00"",","""isO48_cAdditionalData_Installments"": ""001"",","""isO60_cReservedPrivate_HostResponse"": """",","""isO62_cTicketNumber"": ""0102"",","""isO63_cReservedPrivate_BatchNumber"": ""025"",","""cGuid"": ""9F9000AD-363B-4C39-A139-24F0972DB70D"",","""isO_MTI_cMessageType"": ""0400"",","""isO_MTI_cMessageType_Response"": ""0410"""
0506-M-72501608,"""idTransaction"": 45644,","""isO03_cProcessingCode"": ""020000"",","""isO04_nTransactionAmount"": 1200,","""isO11_cSystemTrace"": ""045314"",","""isO12_cLocalTransactionTime"": ""164117"",","""isO37_cRetrievalReferenceNumber"": ""001659045231"",","""isO38_cAuthorizationResponse"": ""070971"",","""isO39_cResponseCode"": ""00"",","""isO48_cAdditionalData_Installments"": ""001"",","""isO60_cReservedPrivate_HostResponse"": """",","""isO62_cTicketNumber"": ""0103"",","""isO63_cReservedPrivate_BatchNumber"": ""025"",","""cGuid"": ""39F7611D-C886-4ADF-AE1F-E40CF4C18900"",","""isO_MTI_cMessageType"": ""0200"",","""isO_MTI_cMessageType_Response"": ""0210"""
0506-M-72501608,"""idTransaction"": 45649,","""isO03_cProcessingCode"": ""020000"",","""isO04_nTransactionAmount"": 1200,","""isO11_cSystemTrace"": ""045314"",","""isO12_cLocalTransactionTime"": ""164117"",","""isO37_cRetrievalReferenceNumber"": ""001659045231"",","""isO38_cAuthorizationResponse"": ""070971"",","""isO39_cResponseCode"": ""00"",","""isO48_cAdditionalData_Installments"": ""001"",","""isO60_cReservedPrivate_HostResponse"": """",","""isO62_cTicketNumber"": ""0103"",","""isO63_cReservedPrivate_BatchNumber"": ""025"",","""cGuid"": ""427F5E30-A1EC-4173-A1D7-832653654C95"",","""isO_MTI_cMessageType"": ""0400"",","""isO_MTI_cMessageType_Response"": ""0410"""
0506-M-72501608,"""idTransaction"": 45652,","""isO03_cProcessingCode"": ""020000"",","""isO04_nTransactionAmount"": 1200,","""isO11_cSystemTrace"": ""045320"",","""isO12_cLocalTransactionTime"": ""164415"",","""isO37_cRetrievalReferenceNumber"": ""001659045231"",","""isO38_cAuthorizationResponse"": ""040661"",","""isO39_cResponseCode"": ""00"",","""isO48_cAdditionalData_Installments"": ""001"",","""isO60_cReservedPrivate_HostResponse"": """",","""isO62_cTicketNumber"": ""0103"",","""isO63_cReservedPrivate_BatchNumber"": ""025"",","""cGuid"": ""AB047B0B-F0E9-47FC-96E0-301545EF0A07"",","""isO_MTI_cMessageType"": ""0200"",","""isO_MTI_cMessageType_Response"": ""0210"""
0506-M-72501608,"""idTransaction"": 45656,","""isO03_cProcessingCode"": ""000000"",","""isO04_nTransactionAmount"": 1300,","""isO11_cSystemTrace"": ""045326"",","""isO12_cLocalTransactionTime"": ""164639"",","""isO37_cRetrievalReferenceNumber"": ""005768045326"",","""isO38_cAuthorizationResponse"": ""000866"",","""isO39_cResponseCode"": ""00"",","""isO48_cAdditionalData_Installments"": ""001"",","""isO60_cReservedPrivate_HostResponse"": """",","""isO62_cTicketNumber"": ""0104"",","""isO63_cReservedPrivate_BatchNumber"": ""025"",","""cGuid"": ""49230CB2-A53C-4FE5-8A92-B5376DFADDD7"",","""isO_MTI_cMessageType"": ""0200"",","""isO_MTI_cMessageType_Response"": ""0210"""
0506-M-72501608,"""idTransaction"": 48080,","""isO03_cProcessingCode"": ""000000"",","""isO04_nTransactionAmount"": 1400,","""isO11_cSystemTrace"": ""045331"",","""isO12_cLocalTransactionTime"": ""164843"",","""isO37_cRetrievalReferenceNumber"": ""001667045331"",","""isO38_cAuthorizationResponse"": ""010768"",","""isO39_cResponseCode"": ""00"",","""isO48_cAdditionalData_Installments"": ""001"",","""isO60_cReservedPrivate_HostResponse"": """",","""isO62_cTicketNumber"": ""0106"",","""isO63_cReservedPrivate_BatchNumber"": ""025"",","""cGuid"": ""E81CDACB-81C4-4CC9-B4F5-F6AB1CE51A29"",","""isO_MTI_cMessageType"": ""0200"",","""isO_MTI_cMessageType_Response"": ""0210"""
0506-M-72501608,"""idTransaction"": 70183,","""isO03_cProcessingCode"": ""920000"",","""isO04_nTransactionAmount"": 0,","""isO11_cSystemTrace"": ""045334"",","""isO12_cLocalTransactionTime"": ""173309"",","""isO37_cRetrievalReferenceNumber"": ""005770164740"",","""isO38_cAuthorizationResponse"": ""045334"",","""isO39_cResponseCode"": ""00"",","""isO48_cAdditionalData_Installments"": """",","""isO60_cReservedPrivate_HostResponse"": """",","""isO62_cTicketNumber"": """",","""isO63_cReservedPrivate_BatchNumber"": ""025"",","""cGuid"": ""08FAF2CE-7DCC-4264-B0FA-37B3097DC626"",","""isO_MTI_cMessageType"": ""0500"",","""isO_MTI_cMessageType_Response"": ""0510"""
0506-M-72501608,"""idTransaction"": 45635,","""isO03_cProcessingCode"": ""000000"",","""isO04_nTransactionAmount"": 1200,","""isO11_cSystemTrace"": ""045231"",","""isO12_cLocalTransactionTime"": ""155947"",","""isO37_cRetrievalReferenceNumber"": ""001659045231"",","""isO38_cAuthorizationResponse"": """",","""isO39_cResponseCode"": ""46"",","""isO48_cAdditionalData_Installments"": ""001"",","""isO60_cReservedPrivate_HostResponse"": """",","""isO62_cTicketNumber"": ""0102"",","""isO63_cReservedPrivate_BatchNumber"": ""025"",","""cGuid"": ""385902B2-52B9-4366-9209-026D07855F3E"",","""isO_MTI_cMessageType"": ""0200"",","""isO_MTI_cMessageType_Response"": ""0210"""
0506-M-72501608,"""idTransaction"": 48076,","""isO03_cProcessingCode"": ""020000"",","""isO04_nTransactionAmount"": 1300,","""isO11_cSystemTrace"": ""045329"",","""isO12_cLocalTransactionTime"": ""164750"",","""isO37_cRetrievalReferenceNumber"": ""005768045326"",","""isO38_cAuthorizationResponse"": """",","""isO39_cResponseCode"": ""54"",","""isO48_cAdditionalData_Installments"": ""001"",","""isO60_cReservedPrivate_HostResponse"": """",","""isO62_cTicketNumber"": ""0105"",","""isO63_cReservedPrivate_BatchNumber"": ""025"",","""cGuid"": ""B57BB96A-039A-4AA5-A924-3D2AA6E7B086"",","""isO_MTI_cMessageType"": ""0200"",","""isO_MTI_cMessageType_Response"": ""0210"""
0506-X-72501607,"""idTransaction"": 48483,","""isO03_cProcessingCode"": ""200000"",","""isO04_nTransactionAmount"": 1400,","""isO11_cSystemTrace"": ""045403"",","""isO12_cLocalTransactionTime"": ""172407"",","""isO37_cRetrievalReferenceNumber"": ""000009045403"",","""isO38_cAuthorizationResponse"": ""007214"",","""isO39_cResponseCode"": ""00"",","""isO48_cAdditionalData_Installments"": ""0010106060520"",","""isO60_cReservedPrivate_HostResponse"": """",","""isO62_cTicketNumber"": ""1211"",","""isO63_cReservedPrivate_BatchNumber"": ""245"",","""cGuid"": ""BF17AF78-B55E-4E28-9F9C-7833AFEAB4B0"",","""isO_MTI_cMessageType"": ""0200"",","""isO_MTI_cMessageType_Response"": ""0210"""
0506-X-72501607,"""idTransaction"": 51109,","""isO03_cProcessingCode"": ""200000"",","""isO04_nTransactionAmount"": 1400,","""isO11_cSystemTrace"": ""045403"",","""isO12_cLocalTransactionTime"": ""172407"",","""isO37_cRetrievalReferenceNumber"": ""000009045403"",","""isO38_cAuthorizationResponse"": ""007214"",","""isO39_cResponseCode"": ""00"",","""isO48_cAdditionalData_Installments"": ""0010106060520"",","""isO60_cReservedPrivate_HostResponse"": """",","""isO62_cTicketNumber"": ""1211"",","""isO63_cReservedPrivate_BatchNumber"": ""245"",","""cGuid"": ""285CE8C9-02DD-4F4A-8FD9-F71B2CA6ACF6"",","""isO_MTI_cMessageType"": ""0400"",","""isO_MTI_cMessageType_Response"": ""0410"""
0506-X-72501607,"""idTransaction"": 70231,","""isO03_cProcessingCode"": ""220000"",","""isO04_nTransactionAmount"": 1400,","""isO11_cSystemTrace"": ""045426"",","""isO12_cLocalTransactionTime"": ""173548"",","""isO37_cRetrievalReferenceNumber"": ""000018045421"",","""isO38_cAuthorizationResponse"": ""007215"",","""isO39_cResponseCode"": ""00"",","""isO48_cAdditionalData_Installments"": ""001"",","""isO60_cReservedPrivate_HostResponse"": """",","""isO62_cTicketNumber"": ""1212"",","""isO63_cReservedPrivate_BatchNumber"": ""246"",","""cGuid"": ""C7994857-5E59-4545-90F8-F40402846463"",","""isO_MTI_cMessageType"": ""0400"",","""isO_MTI_cMessageType_Response"": ""0410"""
0506-X-72501607,"""idTransaction"": 70233,","""isO03_cProcessingCode"": ""220000"",","""isO04_nTransactionAmount"": 1400,","""isO11_cSystemTrace"": ""045433"",","""isO12_cLocalTransactionTime"": ""173905"",","""isO37_cRetrievalReferenceNumber"": ""000018045421"",","""isO38_cAuthorizationResponse"": ""007219"",","""isO39_cResponseCode"": ""00"",","""isO48_cAdditionalData_Installments"": ""001"",","""isO60_cReservedPrivate_HostResponse"": """",","""isO62_cTicketNumber"": ""1212"",","""isO63_cReservedPrivate_BatchNumber"": ""246"",","""cGuid"": ""59A7466C-FFCF-4FDE-94FD-DECDAF21AE8D"",","""isO_MTI_cMessageType"": ""0200"",","""isO_MTI_cMessageType_Response"": ""0210"""
0506-X-72501607,"""idTransaction"": 70236,","""isO03_cProcessingCode"": ""200000"",","""isO04_nTransactionAmount"": 1400,","""isO11_cSystemTrace"": ""045437"",","""isO12_cLocalTransactionTime"": ""174033"",","""isO37_cRetrievalReferenceNumber"": ""000028045437"",","""isO38_cAuthorizationResponse"": ""007210"",","""isO39_cResponseCode"": ""00"",","""isO48_cAdditionalData_Installments"": ""0010106060520"",","""isO60_cReservedPrivate_HostResponse"": """",","""isO62_cTicketNumber"": ""1213"",","""isO63_cReservedPrivate_BatchNumber"": ""246"",","""cGuid"": ""BB41AB71-77BD-4A09-90DF-E02BE321F3A8"",","""isO_MTI_cMessageType"": ""0200"",","""isO_MTI_cMessageType_Response"": ""0210"""
0506-X-72501607,"""idTransaction"": 70238,","""isO03_cProcessingCode"": ""920000"",","""isO04_nTransactionAmount"": 0,","""isO11_cSystemTrace"": ""045442"",","""isO12_cLocalTransactionTime"": ""174033"",","""isO37_cRetrievalReferenceNumber"": ""000001174027"",","""isO38_cAuthorizationResponse"": ""007210"",","""isO39_cResponseCode"": ""00"",","""isO48_cAdditionalData_Installments"": """",","""isO60_cReservedPrivate_HostResponse"": """",","""isO62_cTicketNumber"": """",","""isO63_cReservedPrivate_BatchNumber"": ""246"",","""cGuid"": ""825C474B-F870-4CFF-9BB2-FA4792B56EF1"",","""isO_MTI_cMessageType"": ""0500"",","""isO_MTI_cMessageType_Response"": ""0510"""
0506-X-72501607,"""idTransaction"": 70185,","""isO03_cProcessingCode"": ""200000"",","""isO04_nTransactionAmount"": 1400,","""isO11_cSystemTrace"": ""045421"",","""isO12_cLocalTransactionTime"": ""173309"",","""isO37_cRetrievalReferenceNumber"": ""000018045421"",","""isO38_cAuthorizationResponse"": """",","""isO39_cResponseCode"": ""65"",","""isO48_cAdditionalData_Installments"": ""0010106060520"",","""isO60_cReservedPrivate_HostResponse"": """",","""isO62_cTicketNumber"": ""1211"",","""isO63_cReservedPrivate_BatchNumber"": ""246"",","""cGuid"": ""3998095E-77E9-49A9-ADCE-A3B25674B021"",","""isO_MTI_cMessageType"": ""0200"",","""isO_MTI_cMessageType_Response"": ""0210"""
0506-X-72501607,"""idTransaction"": 70228,","""isO03_cProcessingCode"": ""220000"",","""isO04_nTransactionAmount"": 1400,","""isO11_cSystemTrace"": ""045426"",","""isO12_cLocalTransactionTime"": ""173548"",","""isO37_cRetrievalReferenceNumber"": ""000018045421"",","""isO38_cAuthorizationResponse"": """",","""isO39_cResponseCode"": ""96"",","""isO48_cAdditionalData_Installments"": ""001"",","""isO60_cReservedPrivate_HostResponse"": """",","""isO62_cTicketNumber"": ""1212"",","""isO63_cReservedPrivate_BatchNumber"": ""246"",","""cGuid"": ""98C58E68-15B3-4D33-BA9C-820371FDE8DC"",","""isO_MTI_cMessageType"": ""0200"",","""isO_MTI_cMessageType_Response"": ""0210"""
0507-C-23456789,"""idTransaction"": 70246,","""isO03_cProcessingCode"": ""000000"",","""isO04_nTransactionAmount"": 1100,","""isO11_cSystemTrace"": ""047856"",","""isO12_cLocalTransactionTime"": ""135946"",","""isO37_cRetrievalReferenceNumber"": ""000539047856"",","""isO38_cAuthorizationResponse"": ""102890"",","""isO39_cResponseCode"": ""00"",","""isO48_cAdditionalData_Installments"": ""001"",","""isO60_cReservedPrivate_HostResponse"": ""VTE2222"",","""isO62_cTicketNumber"": ""0100"",","""isO63_cReservedPrivate_BatchNumber"": ""029"",","""cGuid"": ""AA8FE723-4B18-4D8E-8E0B-880D1BF0A4BE"",","""isO_MTI_cMessageType"": ""0200"",","""isO_MTI_cMessageType_Response"": ""0210"""
0507-C-23456789,"""idTransaction"": 70250,","""isO03_cProcessingCode"": ""000000"",","""isO04_nTransactionAmount"": 1100,","""isO11_cSystemTrace"": ""047856"",","""isO12_cLocalTransactionTime"": ""135946"",","""isO37_cRetrievalReferenceNumber"": ""000539047856"",","""isO38_cAuthorizationResponse"": ""102890"",","""isO39_cResponseCode"": ""00"",","""isO48_cAdditionalData_Installments"": ""001"",","""isO60_cReservedPrivate_HostResponse"": """",","""isO62_cTicketNumber"": ""0100"",","""isO63_cReservedPrivate_BatchNumber"": ""029"",","""cGuid"": ""7707C708-4FD2-42EA-8423-2BAE707A67E8"",","""isO_MTI_cMessageType"": ""0400"",","""isO_MTI_cMessageType_Response"": ""0410"""
0507-C-23456789,"""idTransaction"": 70266,","""isO03_cProcessingCode"": ""000000"",","""isO04_nTransactionAmount"": 1100,","""isO11_cSystemTrace"": ""048256"",","""isO12_cLocalTransactionTime"": ""172212"",","""isO37_cRetrievalReferenceNumber"": ""000637048256"",","""isO38_cAuthorizationResponse"": ""007043"",","""isO39_cResponseCode"": ""00"",","""isO48_cAdditionalData_Installments"": ""001"",","""isO60_cReservedPrivate_HostResponse"": ""VTE0000"",","""isO62_cTicketNumber"": ""0100"",","""isO63_cReservedPrivate_BatchNumber"": ""030"",","""cGuid"": ""219E705C-F02A-4E1A-B748-B27A50F16987"",","""isO_MTI_cMessageType"": ""0200"",","""isO_MTI_cMessageType_Response"": ""0210"""
0507-M-72501608,"""idTransaction"": 70243,","""isO03_cProcessingCode"": ""000000"",","""isO04_nTransactionAmount"": 1100,","""isO11_cSystemTrace"": ""047856"",","""isO12_cLocalTransactionTime"": ""135946"",","""isO37_cRetrievalReferenceNumber"": ""000539047856"",","""isO38_cAuthorizationResponse"": ""102890"",","""isO39_cResponseCode"": ""00"",","""isO48_cAdditionalData_Installments"": ""001"",","""isO60_cReservedPrivate_HostResponse"": ""VTE2222"",","""isO62_cTicketNumber"": ""0100"",","""isO63_cReservedPrivate_BatchNumber"": ""029"",","""cGuid"": ""AA8FE723-4B18-4D8E-8E0B-880D1BF0A4BE"",","""isO_MTI_cMessageType"": ""0200"",","""isO_MTI_cMessageType_Response"": ""0210"""
0507-M-72501608,"""idTransaction"": 70245,","""isO03_cProcessingCode"": ""000000"",","""isO04_nTransactionAmount"": 1100,","""isO11_cSystemTrace"": ""047856"",","""isO12_cLocalTransactionTime"": ""135946"",","""isO37_cRetrievalReferenceNumber"": ""000539047856"",","""isO38_cAuthorizationResponse"": ""102890"",","""isO39_cResponseCode"": ""00"",","""isO48_cAdditionalData_Installments"": ""001"",","""isO60_cReservedPrivate_HostResponse"": """",","""isO62_cTicketNumber"": ""0100"",","""isO63_cReservedPrivate_BatchNumber"": ""029"",","""cGuid"": ""7707C708-4FD2-42EA-8423-2BAE707A67E8"",","""isO_MTI_cMessageType"": ""0400"",","""isO_MTI_cMessageType_Response"": ""0410"""
0507-M-72501608,"""idTransaction"": 70256,","""isO03_cProcessingCode"": ""000000"",","""isO04_nTransactionAmount"": 1100,","""isO11_cSystemTrace"": ""048256"",","""isO12_cLocalTransactionTime"": ""172212"",","""isO37_cRetrievalReferenceNumber"": ""000637048256"",","""isO38_cAuthorizationResponse"": ""007043"",","""isO39_cResponseCode"": ""00"",","""isO48_cAdditionalData_Installments"": ""001"",","""isO60_cReservedPrivate_HostResponse"": ""VTE0000"",","""isO62_cTicketNumber"": ""0100"",","""isO63_cReservedPrivate_BatchNumber"": ""030"",","""cGuid"": ""219E705C-F02A-4E1A-B748-B27A50F16987"",","""isO_MTI_cMessageType"": ""0200"",","""isO_MTI_cMessageType_Response"": ""0210"""
0507-M-72501608,"""idTransaction"": 70260,","""isO03_cProcessingCode"": ""000000"",","""isO04_nTransactionAmount"": 1100,","""isO11_cSystemTrace"": ""048256"",","""isO12_cLocalTransactionTime"": ""172212"",","""isO37_cRetrievalReferenceNumber"": ""000637048256"",","""isO38_cAuthorizationResponse"": ""007043"",","""isO39_cResponseCode"": ""00"",","""isO48_cAdditionalData_Installments"": ""001"",","""isO60_cReservedPrivate_HostResponse"": """",","""isO62_cTicketNumber"": ""0100"",","""isO63_cReservedPrivate_BatchNumber"": ""030"",","""cGuid"": ""ED0AB628-799F-4DF5-B685-44797C191F05"",","""isO_MTI_cMessageType"": ""0400"",","""isO_MTI_cMessageType_Response"": ""0410"""
0515-B-12345678,"""idTransaction"": 70278,","""isO03_cProcessingCode"": ""020000"",","""isO04_nTransactionAmount"": 1200,","""isO11_cSystemTrace"": ""039796"",","""isO12_cLocalTransactionTime"": ""143039"",","""isO37_cRetrievalReferenceNumber"": ""004472039789"",","""isO38_cAuthorizationResponse"": ""005773"",","""isO39_cResponseCode"": ""00"",","""isO48_cAdditionalData_Installments"": ""001"",","""isO60_cReservedPrivate_HostResponse"": """",","""isO62_cTicketNumber"": ""0100"",","""isO63_cReservedPrivate_BatchNumber"": ""023"",","""cGuid"": ""3BF6D317-0015-420C-AACA-E54383D2882B"",","""isO_MTI_cMessageType"": ""0200"",","""isO_MTI_cMessageType_Response"": ""0210"""
0515-B-12345678,"""idTransaction"": 75633,","""isO03_cProcessingCode"": ""020000"",","""isO04_nTransactionAmount"": 1200,","""isO11_cSystemTrace"": ""045314"",","""isO12_cLocalTransactionTime"": ""150936"",","""isO37_cRetrievalReferenceNumber"": ""001659045231"",","""isO38_cAuthorizationResponse"": ""070971"",","""isO39_cResponseCode"": ""00"",","""isO48_cAdditionalData_Installments"": ""001"",","""isO60_cReservedPrivate_HostResponse"": """",","""isO62_cTicketNumber"": ""0103"",","""isO63_cReservedPrivate_BatchNumber"": ""025"",","""cGuid"": ""39F7611D-C886-4ADF-AE1F-E40CF4C18900"",","""isO_MTI_cMessageType"": ""0200"",","""isO_MTI_cMessageType_Response"": ""0210"""
0515-B-12345678,"""idTransaction"": 75772,","""isO03_cProcessingCode"": ""020000"",","""isO04_nTransactionAmount"": 1200,","""isO11_cSystemTrace"": ""045320"",","""isO12_cLocalTransactionTime"": ""150936"",","""isO37_cRetrievalReferenceNumber"": ""001659045231"",","""isO38_cAuthorizationResponse"": ""040661"",","""isO39_cResponseCode"": ""00"",","""isO48_cAdditionalData_Installments"": ""001"",","""isO60_cReservedPrivate_HostResponse"": """",","""isO62_cTicketNumber"": ""0103"",","""isO63_cReservedPrivate_BatchNumber"": ""025"",","""cGuid"": ""AB047B0B-F0E9-47FC-96E0-301545EF0A07"",","""isO_MTI_cMessageType"": ""0200"",","""isO_MTI_cMessageType_Response"": ""0210"""
0515-B-12345678,"""idTransaction"": 75775,","""isO03_cProcessingCode"": ""020000"",","""isO04_nTransactionAmount"": 1200,","""isO11_cSystemTrace"": ""045329"",","""isO12_cLocalTransactionTime"": ""150936"",","""isO37_cRetrievalReferenceNumber"": ""005768045326"",","""isO38_cAuthorizationResponse"": ""050165"",","""isO39_cResponseCode"": ""00"",","""isO48_cAdditionalData_Installments"": ""001"",","""isO60_cReservedPrivate_HostResponse"": """",","""isO62_cTicketNumber"": ""0105"",","""isO63_cReservedPrivate_BatchNumber"": ""025"",","""cGuid"": ""B57BB96A-039A-4AA5-A924-3D2AA6E7B086"",","""isO_MTI_cMessageType"": ""0200"",","""isO_MTI_cMessageType_Response"": ""0210"""
0515-B-12345678,"""idTransaction"": 75779,","""isO03_cProcessingCode"": ""220000"",","""isO04_nTransactionAmount"": 1400,","""isO11_cSystemTrace"": ""045426"",","""isO12_cLocalTransactionTime"": ""150936"",","""isO37_cRetrievalReferenceNumber"": ""000018045421"",","""isO38_cAuthorizationResponse"": ""007215"",","""isO39_cResponseCode"": ""00"",","""isO48_cAdditionalData_Installments"": ""001"",","""isO60_cReservedPrivate_HostResponse"": """",","""isO62_cTicketNumber"": ""1212"",","""isO63_cReservedPrivate_BatchNumber"": ""246"",","""cGuid"": ""98C58E68-15B3-4D33-BA9C-820371FDE8DC"",","""isO_MTI_cMessageType"": ""0200"",","""isO_MTI_cMessageType_Response"": ""0210"""
0515-B-12345678,"""idTransaction"": 75793,","""isO03_cProcessingCode"": ""020000"",","""isO04_nTransactionAmount"": 1200,","""isO11_cSystemTrace"": ""039816"",","""isO12_cLocalTransactionTime"": ""151412"",","""isO37_cRetrievalReferenceNumber"": ""004485039814"",","""isO38_cAuthorizationResponse"": ""003909"",","""isO39_cResponseCode"": ""00"",","""isO48_cAdditionalData_Installments"": ""001"",","""isO60_cReservedPrivate_HostResponse"": """",","""isO62_cTicketNumber"": ""0101"",","""isO63_cReservedPrivate_BatchNumber"": ""024"",","""cGuid"": ""3AD2CEF8-B38C-4CBF-9EC4-F3760A939C90"",","""isO_MTI_cMessageType"": ""0200"",","""isO_MTI_cMessageType_Response"": ""0210"""
0515-B-12345678,"""idTransaction"": 75862,","""isO03_cProcessingCode"": ""020000"",","""isO04_nTransactionAmount"": 1200,","""isO11_cSystemTrace"": ""039816"",","""isO12_cLocalTransactionTime"": ""151412"",","""isO37_cRetrievalReferenceNumber"": ""004485039814"",","""isO38_cAuthorizationResponse"": ""003909"",","""isO39_cResponseCode"": ""00"",","""isO48_cAdditionalData_Installments"": ""001"",","""isO60_cReservedPrivate_HostResponse"": """",","""isO62_cTicketNumber"": ""0101"",","""isO63_cReservedPrivate_BatchNumber"": ""024"",","""cGuid"": ""6C12301D-E6C5-492C-9F85-0F1009B1A232"",","""isO_MTI_cMessageType"": ""0400"",","""isO_MTI_cMessageType_Response"": ""0410"""
0515-B-12345678,"""idTransaction"": 75877,","""isO03_cProcessingCode"": ""220000"",","""isO04_nTransactionAmount"": 1400,","""isO11_cSystemTrace"": ""045433"",","""isO12_cLocalTransactionTime"": ""151412"",","""isO37_cRetrievalReferenceNumber"": ""000018045421"",","""isO38_cAuthorizationResponse"": ""007219"",","""isO39_cResponseCode"": ""00"",","""isO48_cAdditionalData_Installments"": ""001"",","""isO60_cReservedPrivate_HostResponse"": """",","""isO62_cTicketNumber"": ""1212"",","""isO63_cReservedPrivate_BatchNumber"": ""246"",","""cGuid"": ""59A7466C-FFCF-4FDE-94FD-DECDAF21AE8D"",","""isO_MTI_cMessageType"": ""0200"",","""isO_MTI_cMessageType_Response"": ""0210"""
0515-B-12345678,"""idTransaction"": 70288,","""isO03_cProcessingCode"": ""020000"",","""isO04_nTransactionAmount"": 1200,","""isO11_cSystemTrace"": ""039796"",","""isO12_cLocalTransactionTime"": ""145212"",","""isO37_cRetrievalReferenceNumber"": ""004472039789"",","""isO38_cAuthorizationResponse"": """",","""isO39_cResponseCode"": ""01"",","""isO48_cAdditionalData_Installments"": ""001"",","""isO60_cReservedPrivate_HostResponse"": """",","""isO62_cTicketNumber"": ""0100"",","""isO63_cReservedPrivate_BatchNumber"": ""023"",","""cGuid"": ""C548716F-4FE0-4469-B5AF-4B0ECC392A92"",","""isO_MTI_cMessageType"": ""0400"",","""isO_MTI_cMessageType_Response"": ""0410"""
0515-B-12345678,"""idTransaction"": 75785,","""isO03_cProcessingCode"": ""220000"",","""isO04_nTransactionAmount"": 1400,","""isO11_cSystemTrace"": ""045426"",","""isO12_cLocalTransactionTime"": ""150936"",","""isO37_cRetrievalReferenceNumber"": ""000018045421"",","""isO38_cAuthorizationResponse"": """",","""isO39_cResponseCode"": ""05"",","""isO48_cAdditionalData_Installments"": ""001"",","""isO60_cReservedPrivate_HostResponse"": """",","""isO62_cTicketNumber"": ""1212"",","""isO63_cReservedPrivate_BatchNumber"": ""246"",","""cGuid"": ""C7994857-5E59-4545-90F8-F40402846463"",","""isO_MTI_cMessageType"": ""0400"",","""isO_MTI_cMessageType_Response"": ""0410"""
0515-B-12345678,"""idTransaction"": 70324,","""isO03_cProcessingCode"": ""020000"",","""isO04_nTransactionAmount"": 1200,","""isO11_cSystemTrace"": ""039805"",","""isO12_cLocalTransactionTime"": ""145716"",","""isO37_cRetrievalReferenceNumber"": ""004472039789"",","""isO38_cAuthorizationResponse"": """",","""isO39_cResponseCode"": ""05"",","""isO48_cAdditionalData_Installments"": ""001"",","""isO60_cReservedPrivate_HostResponse"": """",","""isO62_cTicketNumber"": ""0100"",","""isO63_cReservedPrivate_BatchNumber"": ""023"",","""cGuid"": ""6C9E8B97-5CDA-417B-A4B9-5C416E68A6F7"",","""isO_MTI_cMessageType"": ""0200"",","""isO_MTI_cMessageType_Response"": ""0210"""
0515-B-12345678,"""idTransaction"": 70334,","""isO03_cProcessingCode"": ""020000"",","""isO04_nTransactionAmount"": 1200,","""isO11_cSystemTrace"": ""039820"",","""isO12_cLocalTransactionTime"": ""150936"",","""isO37_cRetrievalReferenceNumber"": ""004485039814"",","""isO38_cAuthorizationResponse"": """",","""isO39_cResponseCode"": ""05"",","""isO48_cAdditionalData_Installments"": ""001"",","""isO60_cReservedPrivate_HostResponse"": """",","""isO62_cTicketNumber"": ""0101"",","""isO63_cReservedPrivate_BatchNumber"": ""024"",","""cGuid"": ""03F563CD-A911-4A6F-9AD4-BA796628848C"",","""isO_MTI_cMessageType"": ""0200"",","""isO_MTI_cMessageType_Response"": ""0210"""
0515-X-72501733,"""idTransaction"": 70318,","""isO03_cProcessingCode"": ""000000"",","""isO04_nTransactionAmount"": 1300,","""isO11_cSystemTrace"": ""070008"",","""isO12_cLocalTransactionTime"": ""145716"",","""isO37_cRetrievalReferenceNumber"": ""001530070008"",","""isO38_cAuthorizationResponse"": ""050001"",","""isO39_cResponseCode"": ""00"",","""isO48_cAdditionalData_Installments"": ""001"",","""isO60_cReservedPrivate_HostResponse"": """",","""isO62_cTicketNumber"": ""0033"",","""isO63_cReservedPrivate_BatchNumber"": ""003"",","""cGuid"": ""844BED39-3645-4409-9F86-FE69ECF7410B"",","""isO_MTI_cMessageType"": ""0200"",","""isO_MTI_cMessageType_Response"": ""0210"""
0515-X-72501733,"""idTransaction"": 70327,","""isO03_cProcessingCode"": ""020000"",","""isO04_nTransactionAmount"": 1300,","""isO11_cSystemTrace"": ""070010"",","""isO12_cLocalTransactionTime"": ""145758"",","""isO37_cRetrievalReferenceNumber"": ""001530070008"",","""isO38_cAuthorizationResponse"": ""080945"",","""isO39_cResponseCode"": ""00"",","""isO48_cAdditionalData_Installments"": ""001"",","""isO60_cReservedPrivate_HostResponse"": """",","""isO62_cTicketNumber"": ""0034"",","""isO63_cReservedPrivate_BatchNumber"": ""003"",","""cGuid"": ""2083D271-2125-44D5-9992-A23507561AA9"",","""isO_MTI_cMessageType"": ""0200"",","""isO_MTI_cMessageType_Response"": ""0210"""
0515-X-72501733,"""idTransaction"": 70331,","""isO03_cProcessingCode"": ""000000"",","""isO04_nTransactionAmount"": 1400,","""isO11_cSystemTrace"": ""070012"",","""isO12_cLocalTransactionTime"": ""145840"",","""isO37_cRetrievalReferenceNumber"": ""001537070012"",","""isO38_cAuthorizationResponse"": ""000778"",","""isO39_cResponseCode"": ""00"",","""isO48_cAdditionalData_Installments"": ""001"",","""isO60_cReservedPrivate_HostResponse"": """",","""isO62_cTicketNumber"": ""0035"",","""isO63_cReservedPrivate_BatchNumber"": ""003"",","""cGuid"": ""5CD802D8-BCFE-4742-983B-B0974096D424"",","""isO_MTI_cMessageType"": ""0200"",","""isO_MTI_cMessageType_Response"": ""0210"""
0515-X-72501733,"""idTransaction"": 75689,","""isO03_cProcessingCode"": ""200000"",","""isO04_nTransactionAmount"": 1400,","""isO11_cSystemTrace"": ""070034"",","""isO12_cLocalTransactionTime"": ""150936"",","""isO37_cRetrievalReferenceNumber"": ""001542070034"",","""isO38_cAuthorizationResponse"": ""099700"",","""isO39_cResponseCode"": ""00"",","""isO48_cAdditionalData_Installments"": ""0010035150520"",","""isO60_cReservedPrivate_HostResponse"": """",","""isO62_cTicketNumber"": ""0036"",","""isO63_cReservedPrivate_BatchNumber"": ""004"",","""cGuid"": ""67446076-73F1-4183-B327-D1558D23BDFB"",","""isO_MTI_cMessageType"": ""0200"",","""isO_MTI_cMessageType_Response"": ""0210"""
0515-X-72501733,"""idTransaction"": 75886,","""isO03_cProcessingCode"": ""220000"",","""isO04_nTransactionAmount"": 1400,","""isO11_cSystemTrace"": ""070049"",","""isO12_cLocalTransactionTime"": ""151631"",","""isO37_cRetrievalReferenceNumber"": ""001548070044"",","""isO38_cAuthorizationResponse"": ""059301"",","""isO39_cResponseCode"": ""00"",","""isO48_cAdditionalData_Installments"": ""001"",","""isO60_cReservedPrivate_HostResponse"": """",","""isO62_cTicketNumber"": ""0037"",","""isO63_cReservedPrivate_BatchNumber"": ""004"",","""cGuid"": ""EB4DFEA3-935E-4B7F-9047-DCAD109F6D11"",","""isO_MTI_cMessageType"": ""0200"",","""isO_MTI_cMessageType_Response"": ""0210"""
0515-X-72501733,"""idTransaction"": 75891,","""isO03_cProcessingCode"": ""220000"",","""isO04_nTransactionAmount"": 1400,","""isO11_cSystemTrace"": ""070049"",","""isO12_cLocalTransactionTime"": ""151631"",","""isO37_cRetrievalReferenceNumber"": ""001548070044"",","""isO38_cAuthorizationResponse"": ""059301"",","""isO39_cResponseCode"": ""00"",","""isO48_cAdditionalData_Installments"": ""001"",","""isO60_cReservedPrivate_HostResponse"": """",","""isO62_cTicketNumber"": ""0037"",","""isO63_cReservedPrivate_BatchNumber"": ""004"",","""cGuid"": ""CF801235-E4B3-4E79-9247-FB182AEE2E21"",","""isO_MTI_cMessageType"": ""0400"",","""isO_MTI_cMessageType_Response"": ""0410"""
0515-X-72501733,"""idTransaction"": 75894,","""isO03_cProcessingCode"": ""220000"",","""isO04_nTransactionAmount"": 1400,","""isO11_cSystemTrace"": ""070053"",","""isO12_cLocalTransactionTime"": ""151834"",","""isO37_cRetrievalReferenceNumber"": ""001548070044"",","""isO38_cAuthorizationResponse"": ""019501"",","""isO39_cResponseCode"": ""00"",","""isO48_cAdditionalData_Installments"": ""001"",","""isO60_cReservedPrivate_HostResponse"": """",","""isO62_cTicketNumber"": ""0037"",","""isO63_cReservedPrivate_BatchNumber"": ""004"",","""cGuid"": ""9E57946B-2D86-4326-B386-64502A916DCA"",","""isO_MTI_cMessageType"": ""0200"",","""isO_MTI_cMessageType_Response"": ""0210"""
0515-X-72501733,"""idTransaction"": 75898,","""isO03_cProcessingCode"": ""200000"",","""isO04_nTransactionAmount"": 1400,","""isO11_cSystemTrace"": ""070055"",","""isO12_cLocalTransactionTime"": ""151930"",","""isO37_cRetrievalReferenceNumber"": ""000006070055"",","""isO38_cAuthorizationResponse"": ""009001"",","""isO39_cResponseCode"": ""00"",","""isO48_cAdditionalData_Installments"": ""0010035150520"",","""isO60_cReservedPrivate_HostResponse"": """",","""isO62_cTicketNumber"": ""0038"",","""isO63_cReservedPrivate_BatchNumber"": ""004"",","""cGuid"": ""78BADC34-133A-4CA7-B070-589062F6D2A5"",","""isO_MTI_cMessageType"": ""0200"",","""isO_MTI_cMessageType_Response"": ""0210"""
0515-X-72501733,"""idTransaction"": 81351,","""isO03_cProcessingCode"": ""000000"",","""isO04_nTransactionAmount"": 3300,","""isO11_cSystemTrace"": ""070088"",","""isO12_cLocalTransactionTime"": ""153522"",","""isO37_cRetrievalReferenceNumber"": ""001571070088"",","""isO38_cAuthorizationResponse"": ""010155"",","""isO39_cResponseCode"": ""00"",","""isO48_cAdditionalData_Installments"": ""012"",","""isO60_cReservedPrivate_HostResponse"": """",","""isO62_cTicketNumber"": ""0040"",","""isO63_cReservedPrivate_BatchNumber"": ""005"",","""cGuid"": ""4DD20323-9016-4054-9288-E04A3B9B6139"",","""isO_MTI_cMessageType"": ""0400"",","""isO_MTI_cMessageType_Response"": ""0410"""
0515-X-72501733,"""idTransaction"": 81351,","""isO03_cProcessingCode"": ""020000"",","""isO04_nTransactionAmount"": 3200,","""isO11_cSystemTrace"": ""070094"",","""isO12_cLocalTransactionTime"": ""153809"",","""isO37_cRetrievalReferenceNumber"": ""001565070082"",","""isO38_cAuthorizationResponse"": ""090959"",","""isO39_cResponseCode"": ""00"",","""isO48_cAdditionalData_Installments"": ""001"",","""isO60_cReservedPrivate_HostResponse"": """",","""isO62_cTicketNumber"": ""0040"",","""isO63_cReservedPrivate_BatchNumber"": ""005"",","""cGuid"": ""0D42706E-0AC4-4241-8EFE-C64CE2076350"",","""isO_MTI_cMessageType"": ""0200"",","""isO_MTI_cMessageType_Response"": ""0210"""
0515-X-72501733,"""idTransaction"": 75903,","""isO03_cProcessingCode"": ""000000"",","""isO04_nTransactionAmount"": 3100,","""isO11_cSystemTrace"": ""070076"",","""isO12_cLocalTransactionTime"": ""152940"",","""isO37_cRetrievalReferenceNumber"": ""001562070076"",","""isO38_cAuthorizationResponse"": """",","""isO39_cResponseCode"": ""14"",","""isO48_cAdditionalData_Installments"": ""006"",","""isO60_cReservedPrivate_HostResponse"": """",","""isO62_cTicketNumber"": ""0039"",","""isO63_cReservedPrivate_BatchNumber"": ""005"",","""cGuid"": ""A294A673-CDFA-46AE-9A42-5B5A580D24B7"",","""isO_MTI_cMessageType"": ""0200"",","""isO_MTI_cMessageType_Response"": ""0210"""
0516-B-12345678,"""idTransaction"": 99478,","""isO03_cProcessingCode"": ""020000"",","""isO04_nTransactionAmount"": 1300,","""isO11_cSystemTrace"": ""070001"",","""isO12_cLocalTransactionTime"": ""145338"",","""isO37_cRetrievalReferenceNumber"": ""001523069996"",","""isO38_cAuthorizationResponse"": ""030845"",","""isO39_cResponseCode"": ""00"",","""isO48_cAdditionalData_Installments"": ""001"",","""isO60_cReservedPrivate_HostResponse"": """",","""isO62_cTicketNumber"": ""0032"",","""isO63_cReservedPrivate_BatchNumber"": ""003"",","""cGuid"": ""9D5A17A1-F4B9-4AB8-B545-62548B4DFDEC"",","""isO_MTI_cMessageType"": ""0400"",","""isO_MTI_cMessageType_Response"": ""0410"""
0516-B-12345678,"""idTransaction"": 99491,","""isO03_cProcessingCode"": ""020000"",","""isO04_nTransactionAmount"": 1300,","""isO11_cSystemTrace"": ""070010"",","""isO12_cLocalTransactionTime"": ""145758"",","""isO37_cRetrievalReferenceNumber"": ""001530070008"",","""isO38_cAuthorizationResponse"": ""080945"",","""isO39_cResponseCode"": ""00"",","""isO48_cAdditionalData_Installments"": ""001"",","""isO60_cReservedPrivate_HostResponse"": """",","""isO62_cTicketNumber"": ""0034"",","""isO63_cReservedPrivate_BatchNumber"": ""003"",","""cGuid"": ""2083D271-2125-44D5-9992-A23507561AA9"",","""isO_MTI_cMessageType"": ""0200"",","""isO_MTI_cMessageType_Response"": ""0210"""
0516-B-12345678,"""idTransaction"": 99528,","""isO03_cProcessingCode"": ""220000"",","""isO04_nTransactionAmount"": 1400,","""isO11_cSystemTrace"": ""070049"",","""isO12_cLocalTransactionTime"": ""151631"",","""isO37_cRetrievalReferenceNumber"": ""001548070044"",","""isO38_cAuthorizationResponse"": ""059301"",","""isO39_cResponseCode"": ""00"",","""isO48_cAdditionalData_Installments"": ""001"",","""isO60_cReservedPrivate_HostResponse"": """",","""isO62_cTicketNumber"": ""0037"",","""isO63_cReservedPrivate_BatchNumber"": ""004"",","""cGuid"": ""EB4DFEA3-935E-4B7F-9047-DCAD109F6D11"",","""isO_MTI_cMessageType"": ""0200"",","""isO_MTI_cMessageType_Response"": ""0210"""
0516-B-12345678,"""idTransaction"": 99533,","""isO03_cProcessingCode"": ""220000"",","""isO04_nTransactionAmount"": 1400,","""isO11_cSystemTrace"": ""070049"",","""isO12_cLocalTransactionTime"": ""151631"",","""isO37_cRetrievalReferenceNumber"": ""001548070044"",","""isO38_cAuthorizationResponse"": ""059301"",","""isO39_cResponseCode"": ""00"",","""isO48_cAdditionalData_Installments"": ""001"",","""isO60_cReservedPrivate_HostResponse"": """",","""isO62_cTicketNumber"": ""0037"",","""isO63_cReservedPrivate_BatchNumber"": ""004"",","""cGuid"": ""CF801235-E4B3-4E79-9247-FB182AEE2E21"",","""isO_MTI_cMessageType"": ""0400"",","""isO_MTI_cMessageType_Response"": ""0410"""
0516-B-12345678,"""idTransaction"": 99473,","""isO03_cProcessingCode"": ""020000"",","""isO04_nTransactionAmount"": 1300,","""isO11_cSystemTrace"": ""070001"",","""isO12_cLocalTransactionTime"": ""145338"",","""isO37_cRetrievalReferenceNumber"": ""001523069996"",","""isO38_cAuthorizationResponse"": """",","""isO39_cResponseCode"": ""28"",","""isO48_cAdditionalData_Installments"": ""001"",","""isO60_cReservedPrivate_HostResponse"": """",","""isO62_cTicketNumber"": ""0032"",","""isO63_cReservedPrivate_BatchNumber"": ""003"",","""cGuid"": ""985F360B-6B78-42C8-9264-D68F87DCF433"",","""isO_MTI_cMessageType"": ""0200"",","""isO_MTI_cMessageType_Response"": ""0210"""
0516-B-34567890,"""idTransaction"": 81353,","""isO03_cProcessingCode"": ""000000"",","""isO04_nTransactionAmount"": 1100,","""isO11_cSystemTrace"": ""069954"",","""isO12_cLocalTransactionTime"": ""143039"",","""isO37_cRetrievalReferenceNumber"": ""001512069954"",","""isO38_cAuthorizationResponse"": ""090213"",","""isO39_cResponseCode"": ""00"",","""isO48_cAdditionalData_Installments"": ""001"",","""isO60_cReservedPrivate_HostResponse"": """",","""isO62_cTicketNumber"": ""0031"",","""isO63_cReservedPrivate_BatchNumber"": ""003"",","""cGuid"": ""8EFF69EB-F58D-46F8-AB7E-8B9793C13D00"",","""isO_MTI_cMessageType"": ""0200"",","""isO_MTI_cMessageType_Response"": ""0210"""
0516-B-34567890,"""idTransaction"": 99433,","""isO03_cProcessingCode"": ""000000"",","""isO04_nTransactionAmount"": 1100,","""isO11_cSystemTrace"": ""069954"",","""isO12_cLocalTransactionTime"": ""143039"",","""isO37_cRetrievalReferenceNumber"": ""001512069954"",","""isO38_cAuthorizationResponse"": ""090213"",","""isO39_cResponseCode"": ""00"",","""isO48_cAdditionalData_Installments"": ""001"",","""isO60_cReservedPrivate_HostResponse"": """",","""isO62_cTicketNumber"": ""0031"",","""isO63_cReservedPrivate_BatchNumber"": ""003"",","""cGuid"": ""914DE08D-A11C-4CE3-B91F-CD53D0CA4BF6"",","""isO_MTI_cMessageType"": ""0400"",","""isO_MTI_cMessageType_Response"": ""0410"""
0516-B-34567890,"""idTransaction"": 99488,","""isO03_cProcessingCode"": ""000000"",","""isO04_nTransactionAmount"": 1100,","""isO11_cSystemTrace"": ""070008"",","""isO12_cLocalTransactionTime"": ""145716"",","""isO37_cRetrievalReferenceNumber"": ""001530070008"",","""isO38_cAuthorizationResponse"": ""050001"",","""isO39_cResponseCode"": ""00"",","""isO48_cAdditionalData_Installments"": ""001"",","""isO60_cReservedPrivate_HostResponse"": """",","""isO62_cTicketNumber"": ""0033"",","""isO63_cReservedPrivate_BatchNumber"": ""003"",","""cGuid"": ""844BED39-3645-4409-9F86-FE69ECF7410B"",","""isO_MTI_cMessageType"": ""0200"",","""isO_MTI_cMessageType_Response"": ""0210"""
0516-B-34567890,"""idTransaction"": 99493,","""isO03_cProcessingCode"": ""000000"",","""isO04_nTransactionAmount"": 1200,","""isO11_cSystemTrace"": ""070012"",","""isO12_cLocalTransactionTime"": ""145840"",","""isO37_cRetrievalReferenceNumber"": ""001537070012"",","""isO38_cAuthorizationResponse"": ""000778"",","""isO39_cResponseCode"": ""00"",","""isO48_cAdditionalData_Installments"": ""001"",","""isO60_cReservedPrivate_HostResponse"": """",","""isO62_cTicketNumber"": ""0035"",","""isO63_cReservedPrivate_BatchNumber"": ""003"",","""cGuid"": ""5CD802D8-BCFE-4742-983B-B0974096D424"",","""isO_MTI_cMessageType"": ""0200"",","""isO_MTI_cMessageType_Response"": ""0210"""
0516-B-34567890,"""idTransaction"": 99495,","""isO03_cProcessingCode"": ""200000"",","""isO04_nTransactionAmount"": 1400,","""isO11_cSystemTrace"": ""070034"",","""isO12_cLocalTransactionTime"": ""150936"",","""isO37_cRetrievalReferenceNumber"": ""001542070034"",","""isO38_cAuthorizationResponse"": ""099700"",","""isO39_cResponseCode"": ""00"",","""isO48_cAdditionalData_Installments"": ""0010035150520"",","""isO60_cReservedPrivate_HostResponse"": """",","""isO62_cTicketNumber"": ""0036"",","""isO63_cReservedPrivate_BatchNumber"": ""004"",","""cGuid"": ""67446076-73F1-4183-B327-D1558D23BDFB"",","""isO_MTI_cMessageType"": ""0200"",","""isO_MTI_cMessageType_Response"": ""0210"""
0516-B-34567890,"""idTransaction"": 99496,","""isO03_cProcessingCode"": ""200000"",","""isO04_nTransactionAmount"": 1400,","""isO11_cSystemTrace"": ""070034"",","""isO12_cLocalTransactionTime"": ""150936"",","""isO37_cRetrievalReferenceNumber"": ""001542070034"",","""isO38_cAuthorizationResponse"": ""099700"",","""isO39_cResponseCode"": ""00"",","""isO48_cAdditionalData_Installments"": ""0010035150520"",","""isO60_cReservedPrivate_HostResponse"": """",","""isO62_cTicketNumber"": ""0036"",","""isO63_cReservedPrivate_BatchNumber"": ""004"",","""cGuid"": ""3686EEA8-10C3-4820-8796-E0E9CAF985C5"",","""isO_MTI_cMessageType"": ""0400"",","""isO_MTI_cMessageType_Response"": ""0410"""
0516-B-34567890,"""idTransaction"": 99538,","""isO03_cProcessingCode"": ""200000"",","""isO04_nTransactionAmount"": 1400,","""isO11_cSystemTrace"": ""070055"",","""isO12_cLocalTransactionTime"": ""151930"",","""isO37_cRetrievalReferenceNumber"": ""000006070055"",","""isO38_cAuthorizationResponse"": ""009001"",","""isO39_cResponseCode"": ""00"",","""isO48_cAdditionalData_Installments"": ""0010035150520"",","""isO60_cReservedPrivate_HostResponse"": """",","""isO62_cTicketNumber"": ""0038"",","""isO63_cReservedPrivate_BatchNumber"": ""004"",","""cGuid"": ""78BADC34-133A-4CA7-B070-589062F6D2A5"",","""isO_MTI_cMessageType"": ""0200"",","""isO_MTI_cMessageType_Response"": ""0210"""
0516-B-34567890,"""idTransaction"": 99540,","""isO03_cProcessingCode"": ""000000"",","""isO04_nTransactionAmount"": 1200,","""isO11_cSystemTrace"": ""070076"",","""isO12_cLocalTransactionTime"": ""152940"",","""isO37_cRetrievalReferenceNumber"": ""001562070076"",","""isO38_cAuthorizationResponse"": ""000219"",","""isO39_cResponseCode"": ""00"",","""isO48_cAdditionalData_Installments"": ""006"",","""isO60_cReservedPrivate_HostResponse"": """",","""isO62_cTicketNumber"": ""0039"",","""isO63_cReservedPrivate_BatchNumber"": ""005"",","""cGuid"": ""A294A673-CDFA-46AE-9A42-5B5A580D24B7"",","""isO_MTI_cMessageType"": ""0200"",","""isO_MTI_cMessageType_Response"": ""0210"""
0516-B-34567890,"""idTransaction"": 99544,","""isO03_cProcessingCode"": ""000000"",","""isO04_nTransactionAmount"": 1200,","""isO11_cSystemTrace"": ""070076"",","""isO12_cLocalTransactionTime"": ""152940"",","""isO37_cRetrievalReferenceNumber"": ""001562070076"",","""isO38_cAuthorizationResponse"": ""000219"",","""isO39_cResponseCode"": ""00"",","""isO48_cAdditionalData_Installments"": ""006"",","""isO60_cReservedPrivate_HostResponse"": """",","""isO62_cTicketNumber"": ""0039"",","""isO63_cReservedPrivate_BatchNumber"": ""005"",","""cGuid"": ""10050DA3-3240-4F00-9F14-A96294FFF4BA"",","""isO_MTI_cMessageType"": ""0400"",","""isO_MTI_cMessageType_Response"": ""0410"""
0516-B-34567890,"""idTransaction"": 99561,","""isO03_cProcessingCode"": ""000000"",","""isO04_nTransactionAmount"": 1200,","""isO11_cSystemTrace"": ""070082"",","""isO12_cLocalTransactionTime"": ""153231"",","""isO37_cRetrievalReferenceNumber"": ""001565070082"",","""isO38_cAuthorizationResponse"": ""050553"",","""isO39_cResponseCode"": ""00"",","""isO48_cAdditionalData_Installments"": ""001"",","""isO60_cReservedPrivate_HostResponse"": """",","""isO62_cTicketNumber"": ""0039"",","""isO63_cReservedPrivate_BatchNumber"": ""005"",","""cGuid"": ""BE0C8712-4F29-4539-B9F3-D1CE6A1CC40F"",","""isO_MTI_cMessageType"": ""0200"",","""isO_MTI_cMessageType_Response"": ""0210"""
0516-B-34567890,"""idTransaction"": 99435,","""isO03_cProcessingCode"": ""000000"",","""isO04_nTransactionAmount"": 1100,","""isO11_cSystemTrace"": ""069996"",","""isO12_cLocalTransactionTime"": ""145212"",","""isO37_cRetrievalReferenceNumber"": ""001523069996"",","""isO38_cAuthorizationResponse"": """",","""isO39_cResponseCode"": ""46"",","""isO48_cAdditionalData_Installments"": ""001"",","""isO60_cReservedPrivate_HostResponse"": """",","""isO62_cTicketNumber"": ""0031"",","""isO63_cReservedPrivate_BatchNumber"": ""003"",","""cGuid"": ""A7C3EDA0-9967-4E84-83AD-B734E652D8C8"",","""isO_MTI_cMessageType"": ""0200"",","""isO_MTI_cMessageType_Response"": ""0210"""
0516-B-34567890,"""idTransaction"": 99517,","""isO03_cProcessingCode"": ""200000"",","""isO04_nTransactionAmount"": 1400,","""isO11_cSystemTrace"": ""070044"",","""isO12_cLocalTransactionTime"": ""151412"",","""isO37_cRetrievalReferenceNumber"": ""001548070044"",","""isO38_cAuthorizationResponse"": """",","""isO39_cResponseCode"": ""54"",","""isO48_cAdditionalData_Installments"": ""0010035150520"",","""isO60_cReservedPrivate_HostResponse"": """",","""isO62_cTicketNumber"": ""0036"",","""isO63_cReservedPrivate_BatchNumber"": ""004"",","""cGuid"": ""7B0C2BB2-2DAF-4961-80ED-4A45639E5477"",","""isO_MTI_cMessageType"": ""0200"",","""isO_MTI_cMessageType_Response"": ""0210"""
0516-B-34567890,"""idTransaction"": 99568,","""isO03_cProcessingCode"": ""000000"",","""isO04_nTransactionAmount"": 1200,","""isO11_cSystemTrace"": ""070088"",","""isO12_cLocalTransactionTime"": ""153522"",","""isO37_cRetrievalReferenceNumber"": ""001571070088"",","""isO38_cAuthorizationResponse"": """",","""isO39_cResponseCode"": ""65"",","""isO48_cAdditionalData_Installments"": ""012"",","""isO60_cReservedPrivate_HostResponse"": """",","""isO62_cTicketNumber"": ""0040"",","""isO63_cReservedPrivate_BatchNumber"": ""005"",","""cGuid"": ""88913361-D67C-4A06-9068-47EA77EE72C0"",","""isO_MTI_cMessageType"": ""0200"",","""isO_MTI_cMessageType_Response"": ""0210"""
0516-B-34567890,"""idTransaction"": 99574,","""isO03_cProcessingCode"": ""000000"",","""isO04_nTransactionAmount"": 1200,","""isO11_cSystemTrace"": ""070088"",","""isO12_cLocalTransactionTime"": ""153522"",","""isO37_cRetrievalReferenceNumber"": ""001571070088"",","""isO38_cAuthorizationResponse"": """",","""isO39_cResponseCode"": ""96"",","""isO48_cAdditionalData_Installments"": ""012"",","""isO60_cReservedPrivate_HostResponse"": """",","""isO62_cTicketNumber"": ""0040"",","""isO63_cReservedPrivate_BatchNumber"": ""005"",","""cGuid"": ""4DD20323-9016-4054-9288-E04A3B9B6139"",","""isO_MTI_cMessageType"": ""0400"",","""isO_MTI_cMessageType_Response"": ""0410"""
0517-X-72501733,"""idTransaction"": 70277,","""isO03_cProcessingCode"": ""000000"",","""isO04_nTransactionAmount"": 1000,","""isO11_cSystemTrace"": ""069954"",","""isO12_cLocalTransactionTime"": ""143039"",","""isO37_cRetrievalReferenceNumber"": ""001512069954"",","""isO38_cAuthorizationResponse"": ""090213"",","""isO39_cResponseCode"": ""00"",","""isO48_cAdditionalData_Installments"": ""001"",","""isO60_cReservedPrivate_HostResponse"": """",","""isO62_cTicketNumber"": ""0031"",","""isO63_cReservedPrivate_BatchNumber"": ""003"",","""cGuid"": ""8EFF69EB-F58D-46F8-AB7E-8B9793C13D00"",","""isO_MTI_cMessageType"": ""0200"",","""isO_MTI_cMessageType_Response"": ""0210"""
0517-X-72501733,"""idTransaction"": 70283,","""isO03_cProcessingCode"": ""000000"",","""isO04_nTransactionAmount"": 1000,","""isO11_cSystemTrace"": ""069954"",","""isO12_cLocalTransactionTime"": ""143039"",","""isO37_cRetrievalReferenceNumber"": ""001512069954"",","""isO38_cAuthorizationResponse"": ""090213"",","""isO39_cResponseCode"": ""00"",","""isO48_cAdditionalData_Installments"": ""001"",","""isO60_cReservedPrivate_HostResponse"": """",","""isO62_cTicketNumber"": ""0031"",","""isO63_cReservedPrivate_BatchNumber"": ""003"",","""cGuid"": ""914DE08D-A11C-4CE3-B91F-CD53D0CA4BF6"",","""isO_MTI_cMessageType"": ""0400"",","""isO_MTI_cMessageType_Response"": ""0410"""
0517-X-72501733,"""idTransaction"": 70287,","""isO03_cProcessingCode"": ""000000"",","""isO04_nTransactionAmount"": 1200,","""isO11_cSystemTrace"": ""069996"",","""isO12_cLocalTransactionTime"": ""145212"",","""isO37_cRetrievalReferenceNumber"": ""001523069996"",","""isO38_cAuthorizationResponse"": ""010331"",","""isO39_cResponseCode"": ""00"",","""isO48_cAdditionalData_Installments"": ""001"",","""isO60_cReservedPrivate_HostResponse"": """",","""isO62_cTicketNumber"": ""0031"",","""isO63_cReservedPrivate_BatchNumber"": ""003"",","""cGuid"": ""A7C3EDA0-9967-4E84-83AD-B734E652D8C8"",","""isO_MTI_cMessageType"": ""0200"",","""isO_MTI_cMessageType_Response"": ""0210"""
0517-X-72501733,"""idTransaction"": 70290,","""isO03_cProcessingCode"": ""020000"",","""isO04_nTransactionAmount"": 1200,","""isO11_cSystemTrace"": ""070001"",","""isO12_cLocalTransactionTime"": ""145338"",","""isO37_cRetrievalReferenceNumber"": ""001523069996"",","""isO38_cAuthorizationResponse"": ""030845"",","""isO39_cResponseCode"": ""00"",","""isO48_cAdditionalData_Installments"": ""001"",","""isO60_cReservedPrivate_HostResponse"": """",","""isO62_cTicketNumber"": ""0032"",","""isO63_cReservedPrivate_BatchNumber"": ""003"",","""cGuid"": ""985F360B-6B78-42C8-9264-D68F87DCF433"",","""isO_MTI_cMessageType"": ""0200"",","""isO_MTI_cMessageType_Response"": ""0210"""
0517-X-72501733,"""idTransaction"": 70311,","""isO03_cProcessingCode"": ""920000"",","""isO04_nTransactionAmount"": 0,","""isO11_cSystemTrace"": ""069952"",","""isO12_cLocalTransactionTime"": ""145541"",","""isO37_cRetrievalReferenceNumber"": ""001511142750"",","""isO38_cAuthorizationResponse"": ""069952"",","""isO39_cResponseCode"": ""00"",","""isO48_cAdditionalData_Installments"": """",","""isO60_cReservedPrivate_HostResponse"": """",","""isO62_cTicketNumber"": """",","""isO63_cReservedPrivate_BatchNumber"": ""002"",","""cGuid"": ""DEFD5686-D523-475C-9A6B-F87D6E022502"",","""isO_MTI_cMessageType"": ""0500"",","""isO_MTI_cMessageType_Response"": ""0510"""
0517-X-72501733,"""idTransaction"": 70315,","""isO03_cProcessingCode"": ""020000"",","""isO04_nTransactionAmount"": 1200,","""isO11_cSystemTrace"": ""070005"",","""isO12_cLocalTransactionTime"": ""145541"",","""isO37_cRetrievalReferenceNumber"": ""001523069996"",","""isO38_cAuthorizationResponse"": ""050195"",","""isO39_cResponseCode"": ""00"",","""isO48_cAdditionalData_Installments"": ""001"",","""isO60_cReservedPrivate_HostResponse"": """",","""isO62_cTicketNumber"": ""0032"",","""isO63_cReservedPrivate_BatchNumber"": ""003"",","""cGuid"": ""D8A7511F-9BA2-4FDF-B3D8-F0571017EE78"",","""isO_MTI_cMessageType"": ""0200"",","""isO_MTI_cMessageType_Response"": ""0210"""
0517-X-72501733,"""idTransaction"": 70294,","""isO03_cProcessingCode"": ""020000"",","""isO04_nTransactionAmount"": 1200,","""isO11_cSystemTrace"": ""070001"",","""isO12_cLocalTransactionTime"": ""145338"",","""isO37_cRetrievalReferenceNumber"": ""001523069996"",","""isO38_cAuthorizationResponse"": """",","""isO39_cResponseCode"": ""65"",","""isO48_cAdditionalData_Installments"": ""001"",","""isO60_cReservedPrivate_HostResponse"": """",","""isO62_cTicketNumber"": ""0032"",","""isO63_cReservedPrivate_BatchNumber"": ""003"",","""cGuid"": ""9D5A17A1-F4B9-4AB8-B545-62548B4DFDEC"",","""isO_MTI_cMessageType"": ""0400"",","""isO_MTI_cMessageType_Response"": ""0410"""
